[
    {
        "name":"Faisal Tanveer Khan",
        "usn":"1ds21ai099",
        "hobbie":"Time waste"
    },
    {
        "name":"Anamika Jha",
        "usn":"1ds21ai097",
        "hobbie":"Reading books"
    },
    {
        "name":"Shadan Siddique",
        "usn":"1ds21ai095",
        "hobbie":"Youtube video creation"
    },
    {
        "name":"Rohan Kumar",
        "usn":"1ds21ai093",
        "hobbie":"Stand-up comedy"
    },
    {
        "name":"Ujjwala Sinha",
        "usn":"1ds21ai091",
        "hobbie":"Painting"
    }
]
